{"cameraMode":{"drawMode":0,"name":"Shaded","section":"Shading Mode"},"sceneLighting":false,"audioPlay":false,"sceneViewState":{"showFog":true,"showMaterialUpdate":false,"showSkybox":false,"showFlares":true,"showImageEffects":true,"showParticleSystems":true},"in2DMode":false,"pivot":{"x":-2.3936712741851808,"y":1.7616395950317383,"z":-1.2988624572753907},"rotation":{"x":-0.29071924090385439,"y":-0.4974086582660675,"z":0.18154773116111756,"w":-0.7970483899116516},"size":0.030618634074926378,"orthographic":false}