{"cameraMode":{"drawMode":0,"name":"Shaded","section":"Shading Mode"},"sceneLighting":true,"audioPlay":false,"sceneViewState":{"showFog":true,"showMaterialUpdate":false,"showSkybox":true,"showFlares":true,"showImageEffects":true,"showParticleSystems":true},"in2DMode":false,"pivot":{"x":576.9035034179688,"y":283.970703125,"z":51.0723876953125},"rotation":{"x":0.02130991220474243,"y":0.001142693916335702,"z":-0.00011558822734514251,"w":0.9999507069587708},"size":262.7233581542969,"orthographic":false}